{"cameraMode":{"drawMode":0,"name":"Shaded","section":"Shading Mode"},"sceneLighting":false,"audioPlay":false,"sceneViewState":{"showFog":true,"showMaterialUpdate":true,"showSkybox":true,"showFlares":true,"showImageEffects":true,"showParticleSystems":true},"in2DMode":false,"pivot":{"x":-31.579933166503908,"y":-257.4065246582031,"z":-1650.0855712890625},"rotation":{"x":0.07970234006643295,"y":-0.023925794288516046,"z":0.001914714346639812,"w":0.9965333938598633},"size":1028.45947265625,"orthographic":false}