{"cameraMode":{"drawMode":0,"name":"Shaded","section":"Shading Mode"},"sceneLighting":false,"audioPlay":false,"sceneViewState":{"showFog":true,"showMaterialUpdate":true,"showSkybox":true,"showFlares":true,"showImageEffects":true,"showParticleSystems":true},"in2DMode":false,"pivot":{"x":1.7041444778442383,"y":146.26039123535157,"z":-2577.44482421875},"rotation":{"x":-0.19473715126514436,"y":0.2968464195728302,"z":-0.06197139620780945,"w":-0.9328029155731201},"size":8.394417762756348,"orthographic":false}