{"cameraMode":{"drawMode":0,"name":"Shaded","section":"Shading Mode"},"sceneLighting":true,"audioPlay":false,"sceneViewState":{"showFog":true,"showMaterialUpdate":false,"showSkybox":true,"showFlares":true,"showImageEffects":true,"showParticleSystems":true},"in2DMode":false,"pivot":{"x":0.0,"y":147.91000366210938,"z":-3577.200927734375},"rotation":{"x":-0.12843145430088044,"y":0.5671405792236328,"z":-0.09005536884069443,"w":-0.8086140751838684},"size":16.22852897644043,"orthographic":true}