{"cameraMode":{"drawMode":0,"name":"Shaded","section":"Shading Mode"},"sceneLighting":false,"audioPlay":false,"sceneViewState":{"showFog":true,"showMaterialUpdate":true,"showSkybox":true,"showFlares":true,"showImageEffects":true,"showParticleSystems":true},"in2DMode":false,"pivot":{"x":37.462066650390628,"y":244.76429748535157,"z":-544.846923828125},"rotation":{"x":0.07157682627439499,"y":0.23995700478553773,"z":-0.01774228736758232,"w":0.9679822325706482},"size":263.1970520019531,"orthographic":false}