{"cameraMode":{"drawMode":0,"name":"Shaded","section":"Shading Mode"},"sceneLighting":false,"audioPlay":false,"sceneViewState":{"showFog":true,"showMaterialUpdate":true,"showSkybox":true,"showFlares":true,"showImageEffects":true,"showParticleSystems":true},"in2DMode":false,"pivot":{"x":-70.87788391113281,"y":-207.38368225097657,"z":-1643.9102783203125},"rotation":{"x":0.07970234006643295,"y":-0.023925794288516046,"z":0.001914714346639812,"w":0.9965333938598633},"size":919.1588745117188,"orthographic":false}