{"cameraMode":{"drawMode":0,"name":"Shaded","section":"Shading Mode"},"sceneLighting":true,"audioPlay":false,"sceneViewState":{"showFog":true,"showMaterialUpdate":true,"showSkybox":true,"showFlares":true,"showImageEffects":true,"showParticleSystems":true},"in2DMode":false,"pivot":{"x":4.875173568725586,"y":142.6760711669922,"z":-2596.157958984375},"rotation":{"x":-0.02981848455965519,"y":-0.9686479568481445,"z":0.14431172609329225,"w":-0.20009265840053559},"size":18.557373046875,"orthographic":false}